date,student_id,student_name,year,status,remarks
2026-10-06,24UAD117,BAVANI M,3rd Year,P,
2026-10-06,24UAD124,DHARSHIKA PUGALENTHI,3rd Year,P,
2026-10-06,24UAD203,NARESH KALYAN S M,3rd Year,P,
2026-10-06,24UAD209,Omar Farooq.S.H,3rd Year,P,
2026-10-06,24UAD213,PRANAV A,3rd Year,P,
2026-10-06,24UAD216,PRAVEEN  R S,3rd Year,P,
2026-10-06,24UAD225,SADHANAMATHI V,3rd Year,P,
2026-10-06,24UAD240,SHARUKH SAMEER M A,3rd Year,P,
2026-10-06,24UAD241,SHARUKHSAMEER S,3rd Year,P,
2026-10-06,24UAD611,VIGHAS E,3rd Year,P,
2026-10-06,24UAM106,AKSHAYAA A S,3rd Year,P,
2026-10-06,24UAM115,DINESH KUMAR  S,3rd Year,P,
2026-10-06,24UCB103,ABIRAMI R,3rd Year,P,
2026-10-06,24UCB113,EBEN F JOEL,3rd Year,P,
2026-10-06,24UCB151,SHREE NITHI B,3rd Year,P,
2026-10-06,24UCS223,RAMYA S,3rd Year,P,
2026-10-06,24UCS235,SARAVANAMARIAPPAN M,3rd Year,P,
2026-10-06,24UCY104,AKSHATHA A,3rd Year,P,
2026-10-06,24UCY109,BHAVATHARINI S,3rd Year,P,
2026-10-06,24UCY119,KAVYA T,3rd Year,P,
2026-10-06,24UCY121,KOSALAIRAMAN M,3rd Year,P,
2026-10-06,24UCY155,SUHANA V,3rd Year,P,
2026-10-06,24UCY161,VISHRUTHAKAVI D M,3rd Year,P,
2026-10-06,24UEC212,NIVETHA S,3rd Year,P,
2026-10-07,24UAD117,BAVANI M,3rd Year,H,Onam Celebration
2026-10-07,24UAD124,DHARSHIKA PUGALENTHI,3rd Year,H,Onam Celebration
2026-10-07,24UAD203,NARESH KALYAN S M,3rd Year,H,Onam Celebration
2026-10-07,24UAD209,Omar Farooq.S.H,3rd Year,H,Onam Celebration
2026-10-07,24UAD213,PRANAV A,3rd Year,H,Onam Celebration
2026-10-07,24UAD216,PRAVEEN  R S,3rd Year,H,Onam Celebration
2026-10-07,24UAD225,SADHANAMATHI V,3rd Year,H,Onam Celebration
2026-10-07,24UAD240,SHARUKH SAMEER M A,3rd Year,H,Onam Celebration
2026-10-07,24UAD241,SHARUKHSAMEER S,3rd Year,H,Onam Celebration
2026-10-07,24UAD611,VIGHAS E,3rd Year,H,Onam Celebration
2026-10-07,24UAM106,AKSHAYAA A S,3rd Year,H,Onam Celebration
2026-10-07,24UAM115,DINESH KUMAR  S,3rd Year,H,Onam Celebration
2026-10-07,24UCB103,ABIRAMI R,3rd Year,H,Onam Celebration
2026-10-07,24UCB113,EBEN F JOEL,3rd Year,H,Onam Celebration
2026-10-07,24UCB151,SHREE NITHI B,3rd Year,H,Onam Celebration
2026-10-07,24UCS223,RAMYA S,3rd Year,H,Onam Celebration
2026-10-07,24UCS235,SARAVANAMARIAPPAN M,3rd Year,H,Onam Celebration
2026-10-07,24UCY104,AKSHATHA A,3rd Year,H,Onam Celebration
2026-10-07,24UCY109,BHAVATHARINI S,3rd Year,H,Onam Celebration
2026-10-07,24UCY119,KAVYA T,3rd Year,H,Onam Celebration
2026-10-07,24UCY121,KOSALAIRAMAN M,3rd Year,H,Onam Celebration
2026-10-07,24UCY155,SUHANA V,3rd Year,H,Onam Celebration
2026-10-07,24UCY161,VISHRUTHAKAVI D M,3rd Year,H,Onam Celebration
2026-10-07,24UEC212,NIVETHA S,3rd Year,H,Onam Celebration
2026-10-05,24UAD117,BAVANI M,3rd Year,H,Institutional Event
2026-10-05,24UAD124,DHARSHIKA PUGALENTHI,3rd Year,H,Institutional Event
2026-10-05,24UAD203,NARESH KALYAN S M,3rd Year,H,Institutional Event
2026-10-05,24UAD209,Omar Farooq.S.H,3rd Year,H,Institutional Event
2026-10-05,24UAD213,PRANAV A,3rd Year,H,Institutional Event
2026-10-05,24UAD216,PRAVEEN  R S,3rd Year,H,Institutional Event
2026-10-05,24UAD225,SADHANAMATHI V,3rd Year,H,Institutional Event
2026-10-05,24UAD240,SHARUKH SAMEER M A,3rd Year,H,Institutional Event
2026-10-05,24UAD241,SHARUKHSAMEER S,3rd Year,H,Institutional Event
2026-10-05,24UAD611,VIGHAS E,3rd Year,H,Institutional Event
2026-10-05,24UAM106,AKSHAYAA A S,3rd Year,H,Institutional Event
2026-10-05,24UAM115,DINESH KUMAR  S,3rd Year,H,Institutional Event
2026-10-05,24UCB103,ABIRAMI R,3rd Year,H,Institutional Event
2026-10-05,24UCB113,EBEN F JOEL,3rd Year,H,Institutional Event
2026-10-05,24UCB151,SHREE NITHI B,3rd Year,H,Institutional Event
2026-10-05,24UCS223,RAMYA S,3rd Year,H,Institutional Event
2026-10-05,24UCS235,SARAVANAMARIAPPAN M,3rd Year,H,Institutional Event
2026-10-05,24UCY104,AKSHATHA A,3rd Year,H,Institutional Event
2026-10-05,24UCY109,BHAVATHARINI S,3rd Year,H,Institutional Event
2026-10-05,24UCY119,KAVYA T,3rd Year,H,Institutional Event
2026-10-05,24UCY121,KOSALAIRAMAN M,3rd Year,H,Institutional Event
2026-10-05,24UCY155,SUHANA V,3rd Year,H,Institutional Event
2026-10-05,24UCY161,VISHRUTHAKAVI D M,3rd Year,H,Institutional Event
2026-10-05,24UEC212,NIVETHA S,3rd Year,H,Institutional Event
2026-08-08,24UAD117,BAVANI M,3rd Year,H,Add ON
2026-08-09,24UAD117,BAVANI M,3rd Year,H,Sunday
2026-08-14,24UAD117,BAVANI M,3rd Year,P,
2026-08-15,24UAD117,BAVANI M,3rd Year,H,Add ON
2026-08-16,24UAD117,BAVANI M,3rd Year,H,Sunday
2026-08-17,24UAD117,BAVANI M,3rd Year,P,
2026-08-18,24UAD117,BAVANI M,3rd Year,P,
2026-08-19,24UAD117,BAVANI M,3rd Year,P,
2026-08-20,24UAD117,BAVANI M,3rd Year,H,Elite
2026-08-21,24UAD117,BAVANI M,3rd Year,A,
2026-08-22,24UAD117,BAVANI M,3rd Year,H,Add ON
2026-08-23,24UAD117,BAVANI M,3rd Year,H,Saturday
2026-08-24,24UAD117,BAVANI M,3rd Year,P,
2026-08-25,24UAD117,BAVANI M,3rd Year,H,Onam celebrations
2026-08-26,24UAD117,BAVANI M,3rd Year,H,Onam
2026-08-27,24UAD117,BAVANI M,3rd Year,A,
2026-08-28,24UAD117,BAVANI M,3rd Year,H,IA1
2026-08-29,24UAD117,BAVANI M,3rd Year,H,Add ON
2026-08-30,24UAD117,BAVANI M,3rd Year,H,Holiday
2026-08-31,24UAD117,BAVANI M,3rd Year,H,IA1
2026-09-01,24UAD117,BAVANI M,3rd Year,H,IA1
2026-09-02,24UAD117,BAVANI M,3rd Year,H,IA1
2026-09-03,24UAD117,BAVANI M,3rd Year,H,IA1
2026-09-04,24UAD117,BAVANI M,3rd Year,H,Krishnastami
2026-09-05,24UAD117,BAVANI M,3rd Year,H,Add ON
2026-09-06,24UAD117,BAVANI M,3rd Year,H,Sunday
2026-09-07,24UAD117,BAVANI M,3rd Year,P,
2026-09-08,24UAD117,BAVANI M,3rd Year,P,
2026-09-09,24UAD117,BAVANI M,3rd Year,P,
2026-09-10,24UAD117,BAVANI M,3rd Year,P,
2026-09-11,24UAD117,BAVANI M,3rd Year,P,
2026-09-12,24UAD117,BAVANI M,3rd Year,H,Add ON
2026-09-13,24UAD117,BAVANI M,3rd Year,H,Sunday
2026-09-14,24UAD117,BAVANI M,3rd Year,H,Vinayaka Chavithi
2026-09-15,24UAD117,BAVANI M,3rd Year,P,
2026-09-16,24UAD117,BAVANI M,3rd Year,P,
2026-09-17,24UAD117,BAVANI M,3rd Year,P,
2026-09-18,24UAD117,BAVANI M,3rd Year,P,
2026-09-19,24UAD117,BAVANI M,3rd Year,H,Add ON
2026-09-20,24UAD117,BAVANI M,3rd Year,H,Sunday
2026-09-21,24UAD117,BAVANI M,3rd Year,P,
2026-09-22,24UAD117,BAVANI M,3rd Year,P,
2026-09-23,24UAD117,BAVANI M,3rd Year,P,
2026-09-24,24UAD117,BAVANI M,3rd Year,P,
2026-09-25,24UAD117,BAVANI M,3rd Year,P,
2026-09-26,24UAD117,BAVANI M,3rd Year,H,Add ON
2026-09-27,24UAD117,BAVANI M,3rd Year,H,Sunday
2026-09-28,24UAD117,BAVANI M,3rd Year,P,
2026-09-29,24UAD117,BAVANI M,3rd Year,P,
2026-09-30,24UAD117,BAVANI M,3rd Year,P,
2026-10-01,24UAD117,BAVANI M,3rd Year,P,
2026-10-03,24UAD117,BAVANI M,3rd Year,H,Add ON
2026-10-04,24UAD117,BAVANI M,3rd Year,H,Sunday
2026-10-10,24UAD117,BAVANI M,3rd Year,H,Add ON
2026-10-11,24UAD117,BAVANI M,3rd Year,H,Sunday
2026-10-17,24UAD117,BAVANI M,3rd Year,H,Add ON
2026-10-18,24UAD117,BAVANI M,3rd Year,H,Sunday
2026-10-24,24UAD117,BAVANI M,3rd Year,H,Add ON
2026-10-25,24UAD117,BAVANI M,3rd Year,H,Sunday
2026-10-31,24UAD117,BAVANI M,3rd Year,H,Add ON
2026-11-01,24UAD117,BAVANI M,3rd Year,H,Sunday
2026-11-07,24UAD117,BAVANI M,3rd Year,H,Add ON
2026-11-08,24UAD117,BAVANI M,3rd Year,H,Sunday
2026-11-14,24UAD117,BAVANI M,3rd Year,H,Add ON
2026-11-15,24UAD117,BAVANI M,3rd Year,H,Sunday
2026-11-21,24UAD117,BAVANI M,3rd Year,H,Add ON
2026-11-22,24UAD117,BAVANI M,3rd Year,H,Sunday
2026-11-28,24UAD117,BAVANI M,3rd Year,H,Add ON
2026-11-29,24UAD117,BAVANI M,3rd Year,H,Sunday
2026-08-14,24UAD124,DHARSHIKA PUGALENTHI,3rd Year,P,
2026-08-17,24UAD124,DHARSHIKA PUGALENTHI,3rd Year,P,
2026-08-18,24UAD124,DHARSHIKA PUGALENTHI,3rd Year,P,
2026-08-19,24UAD124,DHARSHIKA PUGALENTHI,3rd Year,P,
2026-08-21,24UAD124,DHARSHIKA PUGALENTHI,3rd Year,P,
2026-08-24,24UAD124,DHARSHIKA PUGALENTHI,3rd Year,P,
2026-08-27,24UAD124,DHARSHIKA PUGALENTHI,3rd Year,P,
2026-09-07,24UAD124,DHARSHIKA PUGALENTHI,3rd Year,A,
2026-09-08,24UAD124,DHARSHIKA PUGALENTHI,3rd Year,A,
2026-09-09,24UAD124,DHARSHIKA PUGALENTHI,3rd Year,A,
2026-09-10,24UAD124,DHARSHIKA PUGALENTHI,3rd Year,A,
2026-09-11,24UAD124,DHARSHIKA PUGALENTHI,3rd Year,A,
2026-09-15,24UAD124,DHARSHIKA PUGALENTHI,3rd Year,A,
2026-09-16,24UAD124,DHARSHIKA PUGALENTHI,3rd Year,A,
2026-09-17,24UAD124,DHARSHIKA PUGALENTHI,3rd Year,A,
2026-09-18,24UAD124,DHARSHIKA PUGALENTHI,3rd Year,A,
2026-09-21,24UAD124,DHARSHIKA PUGALENTHI,3rd Year,A,
2026-09-22,24UAD124,DHARSHIKA PUGALENTHI,3rd Year,A,
2026-09-23,24UAD124,DHARSHIKA PUGALENTHI,3rd Year,A,
2026-09-24,24UAD124,DHARSHIKA PUGALENTHI,3rd Year,A,
2026-09-25,24UAD124,DHARSHIKA PUGALENTHI,3rd Year,A,
2026-09-28,24UAD124,DHARSHIKA PUGALENTHI,3rd Year,A,
2026-09-29,24UAD124,DHARSHIKA PUGALENTHI,3rd Year,A,
2026-09-30,24UAD124,DHARSHIKA PUGALENTHI,3rd Year,A,
2026-10-01,24UAD124,DHARSHIKA PUGALENTHI,3rd Year,A,
2026-08-14,24UAD203,NARESH KALYAN S M,3rd Year,P,
2026-08-17,24UAD203,NARESH KALYAN S M,3rd Year,A,
2026-08-18,24UAD203,NARESH KALYAN S M,3rd Year,P,
2026-08-19,24UAD203,NARESH KALYAN S M,3rd Year,P,
2026-08-21,24UAD203,NARESH KALYAN S M,3rd Year,P,
2026-08-24,24UAD203,NARESH KALYAN S M,3rd Year,A,
2026-08-27,24UAD203,NARESH KALYAN S M,3rd Year,P,
2026-09-07,24UAD203,NARESH KALYAN S M,3rd Year,P,
2026-09-08,24UAD203,NARESH KALYAN S M,3rd Year,P,
2026-09-09,24UAD203,NARESH KALYAN S M,3rd Year,P,
2026-09-10,24UAD203,NARESH KALYAN S M,3rd Year,A,
2026-09-11,24UAD203,NARESH KALYAN S M,3rd Year,P,
2026-09-15,24UAD203,NARESH KALYAN S M,3rd Year,P,
2026-09-16,24UAD203,NARESH KALYAN S M,3rd Year,A,
2026-09-17,24UAD203,NARESH KALYAN S M,3rd Year,P,
2026-09-18,24UAD203,NARESH KALYAN S M,3rd Year,P,
2026-09-21,24UAD203,NARESH KALYAN S M,3rd Year,A,
2026-09-22,24UAD203,NARESH KALYAN S M,3rd Year,A,
2026-09-23,24UAD203,NARESH KALYAN S M,3rd Year,A,
2026-09-24,24UAD203,NARESH KALYAN S M,3rd Year,A,
2026-09-25,24UAD203,NARESH KALYAN S M,3rd Year,A,
2026-09-28,24UAD203,NARESH KALYAN S M,3rd Year,A,
2026-09-29,24UAD203,NARESH KALYAN S M,3rd Year,A,
2026-09-30,24UAD203,NARESH KALYAN S M,3rd Year,A,
2026-10-01,24UAD203,NARESH KALYAN S M,3rd Year,A,
2026-08-14,24UAD209,Omar Farooq.S.H,3rd Year,P,
2026-08-17,24UAD209,Omar Farooq.S.H,3rd Year,P,
2026-08-18,24UAD209,Omar Farooq.S.H,3rd Year,P,
2026-08-19,24UAD209,Omar Farooq.S.H,3rd Year,P,
2026-08-21,24UAD209,Omar Farooq.S.H,3rd Year,P,
2026-08-24,24UAD209,Omar Farooq.S.H,3rd Year,A,
2026-08-27,24UAD209,Omar Farooq.S.H,3rd Year,P,
2026-09-07,24UAD209,Omar Farooq.S.H,3rd Year,P,
2026-09-08,24UAD209,Omar Farooq.S.H,3rd Year,P,
2026-09-09,24UAD209,Omar Farooq.S.H,3rd Year,P,
2026-09-10,24UAD209,Omar Farooq.S.H,3rd Year,A,
2026-09-11,24UAD209,Omar Farooq.S.H,3rd Year,A,
2026-09-15,24UAD209,Omar Farooq.S.H,3rd Year,P,
2026-09-16,24UAD209,Omar Farooq.S.H,3rd Year,A,
2026-09-17,24UAD209,Omar Farooq.S.H,3rd Year,P,
2026-09-18,24UAD209,Omar Farooq.S.H,3rd Year,P,
2026-09-21,24UAD209,Omar Farooq.S.H,3rd Year,A,
2026-09-22,24UAD209,Omar Farooq.S.H,3rd Year,A,
2026-09-23,24UAD209,Omar Farooq.S.H,3rd Year,A,
2026-09-24,24UAD209,Omar Farooq.S.H,3rd Year,OD,
2026-09-25,24UAD209,Omar Farooq.S.H,3rd Year,A,
2026-09-28,24UAD209,Omar Farooq.S.H,3rd Year,P,
2026-09-29,24UAD209,Omar Farooq.S.H,3rd Year,P,
2026-09-30,24UAD209,Omar Farooq.S.H,3rd Year,P,
2026-10-01,24UAD209,Omar Farooq.S.H,3rd Year,A,
2026-08-14,24UAD213,PRANAV A,3rd Year,A,
2026-08-17,24UAD213,PRANAV A,3rd Year,A,
2026-08-18,24UAD213,PRANAV A,3rd Year,A,
2026-08-19,24UAD213,PRANAV A,3rd Year,A,
2026-08-21,24UAD213,PRANAV A,3rd Year,A,
2026-08-24,24UAD213,PRANAV A,3rd Year,P,
2026-08-27,24UAD213,PRANAV A,3rd Year,P,
2026-09-07,24UAD213,PRANAV A,3rd Year,P,
2026-09-08,24UAD213,PRANAV A,3rd Year,A,
2026-09-09,24UAD213,PRANAV A,3rd Year,A,
2026-09-10,24UAD213,PRANAV A,3rd Year,A,
2026-09-11,24UAD213,PRANAV A,3rd Year,A,
2026-09-15,24UAD213,PRANAV A,3rd Year,P,
2026-09-16,24UAD213,PRANAV A,3rd Year,A,
2026-09-17,24UAD213,PRANAV A,3rd Year,P,
2026-09-18,24UAD213,PRANAV A,3rd Year,P,
2026-09-21,24UAD213,PRANAV A,3rd Year,A,
2026-09-22,24UAD213,PRANAV A,3rd Year,A,
2026-09-23,24UAD213,PRANAV A,3rd Year,A,
2026-09-24,24UAD213,PRANAV A,3rd Year,A,
2026-09-25,24UAD213,PRANAV A,3rd Year,A,
2026-09-28,24UAD213,PRANAV A,3rd Year,A,
2026-09-29,24UAD213,PRANAV A,3rd Year,P,
2026-09-30,24UAD213,PRANAV A,3rd Year,P,
2026-10-01,24UAD213,PRANAV A,3rd Year,P,
2026-08-14,24UAD216,PRAVEEN  R S,3rd Year,A,
2026-08-17,24UAD216,PRAVEEN  R S,3rd Year,A,
2026-08-18,24UAD216,PRAVEEN  R S,3rd Year,A,
2026-08-19,24UAD216,PRAVEEN  R S,3rd Year,A,
2026-08-21,24UAD216,PRAVEEN  R S,3rd Year,A,
2026-08-24,24UAD216,PRAVEEN  R S,3rd Year,P,
2026-08-27,24UAD216,PRAVEEN  R S,3rd Year,P,
2026-09-07,24UAD216,PRAVEEN  R S,3rd Year,P,
2026-09-08,24UAD216,PRAVEEN  R S,3rd Year,A,
2026-09-09,24UAD216,PRAVEEN  R S,3rd Year,A,
2026-09-10,24UAD216,PRAVEEN  R S,3rd Year,A,
2026-09-11,24UAD216,PRAVEEN  R S,3rd Year,A,
2026-09-15,24UAD216,PRAVEEN  R S,3rd Year,A,
2026-09-16,24UAD216,PRAVEEN  R S,3rd Year,A,
2026-09-17,24UAD216,PRAVEEN  R S,3rd Year,P,
2026-09-18,24UAD216,PRAVEEN  R S,3rd Year,P,
2026-09-21,24UAD216,PRAVEEN  R S,3rd Year,A,
2026-09-22,24UAD216,PRAVEEN  R S,3rd Year,A,
2026-09-23,24UAD216,PRAVEEN  R S,3rd Year,A,
2026-09-24,24UAD216,PRAVEEN  R S,3rd Year,A,
2026-09-25,24UAD216,PRAVEEN  R S,3rd Year,A,
2026-09-28,24UAD216,PRAVEEN  R S,3rd Year,A,
2026-09-29,24UAD216,PRAVEEN  R S,3rd Year,P,
2026-09-30,24UAD216,PRAVEEN  R S,3rd Year,A,
2026-10-01,24UAD216,PRAVEEN  R S,3rd Year,P,
2026-08-14,24UAD225,SADHANAMATHI V,3rd Year,P,
2026-08-17,24UAD225,SADHANAMATHI V,3rd Year,P,
2026-08-18,24UAD225,SADHANAMATHI V,3rd Year,P,
2026-08-19,24UAD225,SADHANAMATHI V,3rd Year,P,
2026-08-21,24UAD225,SADHANAMATHI V,3rd Year,P,
2026-08-24,24UAD225,SADHANAMATHI V,3rd Year,P,
2026-08-27,24UAD225,SADHANAMATHI V,3rd Year,P,
2026-09-07,24UAD225,SADHANAMATHI V,3rd Year,P,
2026-09-08,24UAD225,SADHANAMATHI V,3rd Year,A,
2026-09-09,24UAD225,SADHANAMATHI V,3rd Year,P,
2026-09-10,24UAD225,SADHANAMATHI V,3rd Year,P,
2026-09-11,24UAD225,SADHANAMATHI V,3rd Year,P,
2026-09-15,24UAD225,SADHANAMATHI V,3rd Year,A,
2026-09-16,24UAD225,SADHANAMATHI V,3rd Year,P,
2026-09-17,24UAD225,SADHANAMATHI V,3rd Year,P,
2026-09-18,24UAD225,SADHANAMATHI V,3rd Year,P,
2026-09-21,24UAD225,SADHANAMATHI V,3rd Year,A,
2026-09-22,24UAD225,SADHANAMATHI V,3rd Year,P,
2026-09-23,24UAD225,SADHANAMATHI V,3rd Year,P,
2026-09-24,24UAD225,SADHANAMATHI V,3rd Year,P,
2026-09-25,24UAD225,SADHANAMATHI V,3rd Year,P,
2026-09-28,24UAD225,SADHANAMATHI V,3rd Year,P,
2026-09-29,24UAD225,SADHANAMATHI V,3rd Year,A,
2026-09-30,24UAD225,SADHANAMATHI V,3rd Year,P,
2026-10-01,24UAD225,SADHANAMATHI V,3rd Year,P,
2026-08-14,24UAD240,SHARUKH SAMEER M A,3rd Year,P,
2026-08-17,24UAD240,SHARUKH SAMEER M A,3rd Year,P,
2026-08-18,24UAD240,SHARUKH SAMEER M A,3rd Year,P,
2026-08-19,24UAD240,SHARUKH SAMEER M A,3rd Year,P,
2026-08-21,24UAD240,SHARUKH SAMEER M A,3rd Year,P,
2026-08-24,24UAD240,SHARUKH SAMEER M A,3rd Year,A,
2026-08-27,24UAD240,SHARUKH SAMEER M A,3rd Year,P,
2026-09-07,24UAD240,SHARUKH SAMEER M A,3rd Year,P,
2026-09-08,24UAD240,SHARUKH SAMEER M A,3rd Year,A,
2026-09-09,24UAD240,SHARUKH SAMEER M A,3rd Year,P,
2026-09-10,24UAD240,SHARUKH SAMEER M A,3rd Year,A,
2026-09-11,24UAD240,SHARUKH SAMEER M A,3rd Year,P,
2026-09-15,24UAD240,SHARUKH SAMEER M A,3rd Year,A,
2026-09-16,24UAD240,SHARUKH SAMEER M A,3rd Year,P,
2026-09-17,24UAD240,SHARUKH SAMEER M A,3rd Year,P,
2026-09-18,24UAD240,SHARUKH SAMEER M A,3rd Year,P,
2026-09-21,24UAD240,SHARUKH SAMEER M A,3rd Year,A,
2026-09-22,24UAD240,SHARUKH SAMEER M A,3rd Year,A,
2026-09-23,24UAD240,SHARUKH SAMEER M A,3rd Year,A,
2026-09-24,24UAD240,SHARUKH SAMEER M A,3rd Year,OD,
2026-09-25,24UAD240,SHARUKH SAMEER M A,3rd Year,A,
2026-09-28,24UAD240,SHARUKH SAMEER M A,3rd Year,P,
2026-09-29,24UAD240,SHARUKH SAMEER M A,3rd Year,P,
2026-09-30,24UAD240,SHARUKH SAMEER M A,3rd Year,P,
2026-10-01,24UAD240,SHARUKH SAMEER M A,3rd Year,P,
2026-08-14,24UAD241,SHARUKHSAMEER S,3rd Year,P,
2026-08-17,24UAD241,SHARUKHSAMEER S,3rd Year,P,
2026-08-18,24UAD241,SHARUKHSAMEER S,3rd Year,P,
2026-08-19,24UAD241,SHARUKHSAMEER S,3rd Year,P,
2026-08-21,24UAD241,SHARUKHSAMEER S,3rd Year,P,
2026-08-24,24UAD241,SHARUKHSAMEER S,3rd Year,A,
2026-08-27,24UAD241,SHARUKHSAMEER S,3rd Year,P,
2026-09-07,24UAD241,SHARUKHSAMEER S,3rd Year,P,
2026-09-08,24UAD241,SHARUKHSAMEER S,3rd Year,A,
2026-09-09,24UAD241,SHARUKHSAMEER S,3rd Year,P,
2026-09-10,24UAD241,SHARUKHSAMEER S,3rd Year,A,
2026-09-11,24UAD241,SHARUKHSAMEER S,3rd Year,P,
2026-09-15,24UAD241,SHARUKHSAMEER S,3rd Year,A,
2026-09-16,24UAD241,SHARUKHSAMEER S,3rd Year,P,
2026-09-17,24UAD241,SHARUKHSAMEER S,3rd Year,P,
2026-09-18,24UAD241,SHARUKHSAMEER S,3rd Year,P,
2026-09-21,24UAD241,SHARUKHSAMEER S,3rd Year,A,
2026-09-22,24UAD241,SHARUKHSAMEER S,3rd Year,A,
2026-09-23,24UAD241,SHARUKHSAMEER S,3rd Year,A,
2026-09-24,24UAD241,SHARUKHSAMEER S,3rd Year,OD,
2026-09-25,24UAD241,SHARUKHSAMEER S,3rd Year,A,
2026-09-28,24UAD241,SHARUKHSAMEER S,3rd Year,P,
2026-09-29,24UAD241,SHARUKHSAMEER S,3rd Year,P,
2026-09-30,24UAD241,SHARUKHSAMEER S,3rd Year,P,
2026-10-01,24UAD241,SHARUKHSAMEER S,3rd Year,P,
2026-08-14,24UAD611,VIGHAS E,3rd Year,P,
2026-08-17,24UAD611,VIGHAS E,3rd Year,P,
2026-08-18,24UAD611,VIGHAS E,3rd Year,P,
2026-08-19,24UAD611,VIGHAS E,3rd Year,P,
2026-08-21,24UAD611,VIGHAS E,3rd Year,P,
2026-08-24,24UAD611,VIGHAS E,3rd Year,P,
2026-08-27,24UAD611,VIGHAS E,3rd Year,A,
2026-09-07,24UAD611,VIGHAS E,3rd Year,A,
2026-09-08,24UAD611,VIGHAS E,3rd Year,P,
2026-09-09,24UAD611,VIGHAS E,3rd Year,P,
2026-09-10,24UAD611,VIGHAS E,3rd Year,P,
2026-09-11,24UAD611,VIGHAS E,3rd Year,P,
2026-09-15,24UAD611,VIGHAS E,3rd Year,P,
2026-09-16,24UAD611,VIGHAS E,3rd Year,P,
2026-09-17,24UAD611,VIGHAS E,3rd Year,P,
2026-09-18,24UAD611,VIGHAS E,3rd Year,P,
2026-09-21,24UAD611,VIGHAS E,3rd Year,P,
2026-09-22,24UAD611,VIGHAS E,3rd Year,P,
2026-09-23,24UAD611,VIGHAS E,3rd Year,P,
2026-09-24,24UAD611,VIGHAS E,3rd Year,P,
2026-09-25,24UAD611,VIGHAS E,3rd Year,P,
2026-09-28,24UAD611,VIGHAS E,3rd Year,P,
2026-09-29,24UAD611,VIGHAS E,3rd Year,P,
2026-09-30,24UAD611,VIGHAS E,3rd Year,A,
2026-10-01,24UAD611,VIGHAS E,3rd Year,P,
2026-08-14,24UAM106,AKSHAYAA A S,3rd Year,P,
2026-08-17,24UAM106,AKSHAYAA A S,3rd Year,P,
2026-08-18,24UAM106,AKSHAYAA A S,3rd Year,P,
2026-08-19,24UAM106,AKSHAYAA A S,3rd Year,P,
2026-08-21,24UAM106,AKSHAYAA A S,3rd Year,P,
2026-08-24,24UAM106,AKSHAYAA A S,3rd Year,P,
2026-08-27,24UAM106,AKSHAYAA A S,3rd Year,P,
2026-09-07,24UAM106,AKSHAYAA A S,3rd Year,A,
2026-09-08,24UAM106,AKSHAYAA A S,3rd Year,P,
2026-09-09,24UAM106,AKSHAYAA A S,3rd Year,P,
2026-09-10,24UAM106,AKSHAYAA A S,3rd Year,P,
2026-09-11,24UAM106,AKSHAYAA A S,3rd Year,P,
2026-09-15,24UAM106,AKSHAYAA A S,3rd Year,A,
2026-09-16,24UAM106,AKSHAYAA A S,3rd Year,P,
2026-09-17,24UAM106,AKSHAYAA A S,3rd Year,P,
2026-09-18,24UAM106,AKSHAYAA A S,3rd Year,P,
2026-09-21,24UAM106,AKSHAYAA A S,3rd Year,P,
2026-09-22,24UAM106,AKSHAYAA A S,3rd Year,A,
2026-09-23,24UAM106,AKSHAYAA A S,3rd Year,P,
2026-09-24,24UAM106,AKSHAYAA A S,3rd Year,P,
2026-09-25,24UAM106,AKSHAYAA A S,3rd Year,P,
2026-09-28,24UAM106,AKSHAYAA A S,3rd Year,P,
2026-09-29,24UAM106,AKSHAYAA A S,3rd Year,P,
2026-09-30,24UAM106,AKSHAYAA A S,3rd Year,P,
2026-10-01,24UAM106,AKSHAYAA A S,3rd Year,A,
2026-08-14,24UAM115,DINESH KUMAR  S,3rd Year,P,
2026-08-17,24UAM115,DINESH KUMAR  S,3rd Year,P,
2026-08-18,24UAM115,DINESH KUMAR  S,3rd Year,P,
2026-08-19,24UAM115,DINESH KUMAR  S,3rd Year,P,
2026-08-21,24UAM115,DINESH KUMAR  S,3rd Year,P,
2026-08-24,24UAM115,DINESH KUMAR  S,3rd Year,P,
2026-08-27,24UAM115,DINESH KUMAR  S,3rd Year,P,
2026-09-07,24UAM115,DINESH KUMAR  S,3rd Year,A,
2026-09-08,24UAM115,DINESH KUMAR  S,3rd Year,A,
2026-09-09,24UAM115,DINESH KUMAR  S,3rd Year,A,
2026-09-10,24UAM115,DINESH KUMAR  S,3rd Year,A,
2026-09-11,24UAM115,DINESH KUMAR  S,3rd Year,A,
2026-09-15,24UAM115,DINESH KUMAR  S,3rd Year,A,
2026-09-16,24UAM115,DINESH KUMAR  S,3rd Year,A,
2026-09-17,24UAM115,DINESH KUMAR  S,3rd Year,A,
2026-09-18,24UAM115,DINESH KUMAR  S,3rd Year,A,
2026-09-21,24UAM115,DINESH KUMAR  S,3rd Year,A,
2026-09-22,24UAM115,DINESH KUMAR  S,3rd Year,A,
2026-09-23,24UAM115,DINESH KUMAR  S,3rd Year,A,
2026-09-24,24UAM115,DINESH KUMAR  S,3rd Year,A,
2026-09-25,24UAM115,DINESH KUMAR  S,3rd Year,A,
2026-09-28,24UAM115,DINESH KUMAR  S,3rd Year,A,
2026-09-29,24UAM115,DINESH KUMAR  S,3rd Year,A,
2026-09-30,24UAM115,DINESH KUMAR  S,3rd Year,A,
2026-10-01,24UAM115,DINESH KUMAR  S,3rd Year,A,
2026-08-14,24UCB103,ABIRAMI R,3rd Year,P,
2026-08-17,24UCB103,ABIRAMI R,3rd Year,P,
2026-08-18,24UCB103,ABIRAMI R,3rd Year,P,
2026-08-19,24UCB103,ABIRAMI R,3rd Year,P,
2026-08-21,24UCB103,ABIRAMI R,3rd Year,P,
2026-08-24,24UCB103,ABIRAMI R,3rd Year,P,
2026-08-27,24UCB103,ABIRAMI R,3rd Year,P,
2026-09-07,24UCB103,ABIRAMI R,3rd Year,A,
2026-09-08,24UCB103,ABIRAMI R,3rd Year,A,
2026-09-09,24UCB103,ABIRAMI R,3rd Year,A,
2026-09-10,24UCB103,ABIRAMI R,3rd Year,A,
2026-09-11,24UCB103,ABIRAMI R,3rd Year,A,
2026-09-15,24UCB103,ABIRAMI R,3rd Year,A,
2026-09-16,24UCB103,ABIRAMI R,3rd Year,A,
2026-09-17,24UCB103,ABIRAMI R,3rd Year,A,
2026-09-18,24UCB103,ABIRAMI R,3rd Year,A,
2026-09-21,24UCB103,ABIRAMI R,3rd Year,A,
2026-09-22,24UCB103,ABIRAMI R,3rd Year,A,
2026-09-23,24UCB103,ABIRAMI R,3rd Year,A,
2026-09-24,24UCB103,ABIRAMI R,3rd Year,A,
2026-09-25,24UCB103,ABIRAMI R,3rd Year,A,
2026-09-28,24UCB103,ABIRAMI R,3rd Year,A,
2026-09-29,24UCB103,ABIRAMI R,3rd Year,A,
2026-09-30,24UCB103,ABIRAMI R,3rd Year,A,
2026-10-01,24UCB103,ABIRAMI R,3rd Year,A,
2026-08-14,24UCB113,EBEN F JOEL,3rd Year,A,
2026-08-17,24UCB113,EBEN F JOEL,3rd Year,P,
2026-08-18,24UCB113,EBEN F JOEL,3rd Year,P,
2026-08-19,24UCB113,EBEN F JOEL,3rd Year,P,
2026-08-21,24UCB113,EBEN F JOEL,3rd Year,P,
2026-08-24,24UCB113,EBEN F JOEL,3rd Year,P,
2026-08-27,24UCB113,EBEN F JOEL,3rd Year,P,
2026-09-07,24UCB113,EBEN F JOEL,3rd Year,A,
2026-09-08,24UCB113,EBEN F JOEL,3rd Year,P,
2026-09-09,24UCB113,EBEN F JOEL,3rd Year,P,
2026-09-10,24UCB113,EBEN F JOEL,3rd Year,P,
2026-09-11,24UCB113,EBEN F JOEL,3rd Year,P,
2026-09-15,24UCB113,EBEN F JOEL,3rd Year,P,
2026-09-16,24UCB113,EBEN F JOEL,3rd Year,P,
2026-09-17,24UCB113,EBEN F JOEL,3rd Year,P,
2026-09-18,24UCB113,EBEN F JOEL,3rd Year,P,
2026-09-21,24UCB113,EBEN F JOEL,3rd Year,A,
2026-09-22,24UCB113,EBEN F JOEL,3rd Year,P,
2026-09-23,24UCB113,EBEN F JOEL,3rd Year,P,
2026-09-24,24UCB113,EBEN F JOEL,3rd Year,A,
2026-09-25,24UCB113,EBEN F JOEL,3rd Year,P,
2026-09-28,24UCB113,EBEN F JOEL,3rd Year,P,
2026-09-29,24UCB113,EBEN F JOEL,3rd Year,A,
2026-09-30,24UCB113,EBEN F JOEL,3rd Year,P,
2026-10-01,24UCB113,EBEN F JOEL,3rd Year,P,
2026-08-14,24UCB151,SHREE NITHI B,3rd Year,P,
2026-08-17,24UCB151,SHREE NITHI B,3rd Year,P,
2026-08-18,24UCB151,SHREE NITHI B,3rd Year,P,
2026-08-19,24UCB151,SHREE NITHI B,3rd Year,P,
2026-08-21,24UCB151,SHREE NITHI B,3rd Year,P,
2026-08-24,24UCB151,SHREE NITHI B,3rd Year,P,
2026-08-27,24UCB151,SHREE NITHI B,3rd Year,P,
2026-09-07,24UCB151,SHREE NITHI B,3rd Year,P,
2026-09-08,24UCB151,SHREE NITHI B,3rd Year,P,
2026-09-09,24UCB151,SHREE NITHI B,3rd Year,P,
2026-09-10,24UCB151,SHREE NITHI B,3rd Year,P,
2026-09-11,24UCB151,SHREE NITHI B,3rd Year,P,
2026-09-15,24UCB151,SHREE NITHI B,3rd Year,OD,
2026-09-16,24UCB151,SHREE NITHI B,3rd Year,P,
2026-09-17,24UCB151,SHREE NITHI B,3rd Year,P,
2026-09-18,24UCB151,SHREE NITHI B,3rd Year,P,
2026-09-21,24UCB151,SHREE NITHI B,3rd Year,P,
2026-09-22,24UCB151,SHREE NITHI B,3rd Year,P,
2026-09-23,24UCB151,SHREE NITHI B,3rd Year,P,
2026-09-24,24UCB151,SHREE NITHI B,3rd Year,P,
2026-09-25,24UCB151,SHREE NITHI B,3rd Year,P,
2026-09-28,24UCB151,SHREE NITHI B,3rd Year,P,
2026-09-29,24UCB151,SHREE NITHI B,3rd Year,P,
2026-09-30,24UCB151,SHREE NITHI B,3rd Year,P,
2026-10-01,24UCB151,SHREE NITHI B,3rd Year,P,
2026-08-14,24UCS223,RAMYA S,3rd Year,P,
2026-08-17,24UCS223,RAMYA S,3rd Year,P,
2026-08-18,24UCS223,RAMYA S,3rd Year,P,
2026-08-19,24UCS223,RAMYA S,3rd Year,P,
2026-08-21,24UCS223,RAMYA S,3rd Year,P,
2026-08-24,24UCS223,RAMYA S,3rd Year,A,
2026-08-27,24UCS223,RAMYA S,3rd Year,A,
2026-09-07,24UCS223,RAMYA S,3rd Year,P,
2026-09-08,24UCS223,RAMYA S,3rd Year,P,
2026-09-09,24UCS223,RAMYA S,3rd Year,P,
2026-09-10,24UCS223,RAMYA S,3rd Year,P,
2026-09-11,24UCS223,RAMYA S,3rd Year,P,
2026-09-15,24UCS223,RAMYA S,3rd Year,A,
2026-09-16,24UCS223,RAMYA S,3rd Year,P,
2026-09-17,24UCS223,RAMYA S,3rd Year,P,
2026-09-18,24UCS223,RAMYA S,3rd Year,P,
2026-09-21,24UCS223,RAMYA S,3rd Year,P,
2026-09-22,24UCS223,RAMYA S,3rd Year,P,
2026-09-23,24UCS223,RAMYA S,3rd Year,P,
2026-09-24,24UCS223,RAMYA S,3rd Year,P,
2026-09-25,24UCS223,RAMYA S,3rd Year,P,
2026-09-28,24UCS223,RAMYA S,3rd Year,P,
2026-09-29,24UCS223,RAMYA S,3rd Year,P,
2026-09-30,24UCS223,RAMYA S,3rd Year,P,
2026-10-01,24UCS223,RAMYA S,3rd Year,P,
2026-08-14,24UCS235,SARAVANAMARIAPPAN M,3rd Year,P,
2026-08-17,24UCS235,SARAVANAMARIAPPAN M,3rd Year,P,
2026-08-18,24UCS235,SARAVANAMARIAPPAN M,3rd Year,P,
2026-08-19,24UCS235,SARAVANAMARIAPPAN M,3rd Year,P,
2026-08-21,24UCS235,SARAVANAMARIAPPAN M,3rd Year,P,
2026-08-24,24UCS235,SARAVANAMARIAPPAN M,3rd Year,A,
2026-08-27,24UCS235,SARAVANAMARIAPPAN M,3rd Year,P,
2026-09-07,24UCS235,SARAVANAMARIAPPAN M,3rd Year,P,
2026-09-08,24UCS235,SARAVANAMARIAPPAN M,3rd Year,P,
2026-09-09,24UCS235,SARAVANAMARIAPPAN M,3rd Year,P,
2026-09-10,24UCS235,SARAVANAMARIAPPAN M,3rd Year,P,
2026-09-11,24UCS235,SARAVANAMARIAPPAN M,3rd Year,P,
2026-09-15,24UCS235,SARAVANAMARIAPPAN M,3rd Year,A,
2026-09-16,24UCS235,SARAVANAMARIAPPAN M,3rd Year,P,
2026-09-17,24UCS235,SARAVANAMARIAPPAN M,3rd Year,P,
2026-09-18,24UCS235,SARAVANAMARIAPPAN M,3rd Year,P,
2026-09-21,24UCS235,SARAVANAMARIAPPAN M,3rd Year,P,
2026-09-22,24UCS235,SARAVANAMARIAPPAN M,3rd Year,P,
2026-09-23,24UCS235,SARAVANAMARIAPPAN M,3rd Year,P,
2026-09-24,24UCS235,SARAVANAMARIAPPAN M,3rd Year,P,
2026-09-25,24UCS235,SARAVANAMARIAPPAN M,3rd Year,P,
2026-09-28,24UCS235,SARAVANAMARIAPPAN M,3rd Year,P,
2026-09-29,24UCS235,SARAVANAMARIAPPAN M,3rd Year,P,
2026-09-30,24UCS235,SARAVANAMARIAPPAN M,3rd Year,P,
2026-10-01,24UCS235,SARAVANAMARIAPPAN M,3rd Year,P,
2026-08-14,24UCY104,AKSHATHA A,3rd Year,P,
2026-08-17,24UCY104,AKSHATHA A,3rd Year,P,
2026-08-18,24UCY104,AKSHATHA A,3rd Year,P,
2026-08-19,24UCY104,AKSHATHA A,3rd Year,P,
2026-08-21,24UCY104,AKSHATHA A,3rd Year,A,
2026-08-24,24UCY104,AKSHATHA A,3rd Year,P,
2026-08-27,24UCY104,AKSHATHA A,3rd Year,A,
2026-09-07,24UCY104,AKSHATHA A,3rd Year,P,
2026-09-08,24UCY104,AKSHATHA A,3rd Year,P,
2026-09-09,24UCY104,AKSHATHA A,3rd Year,P,
2026-09-10,24UCY104,AKSHATHA A,3rd Year,P,
2026-09-11,24UCY104,AKSHATHA A,3rd Year,P,
2026-09-15,24UCY104,AKSHATHA A,3rd Year,P,
2026-09-16,24UCY104,AKSHATHA A,3rd Year,P,
2026-09-17,24UCY104,AKSHATHA A,3rd Year,P,
2026-09-18,24UCY104,AKSHATHA A,3rd Year,P,
2026-09-21,24UCY104,AKSHATHA A,3rd Year,A,
2026-09-22,24UCY104,AKSHATHA A,3rd Year,P,
2026-09-23,24UCY104,AKSHATHA A,3rd Year,P,
2026-09-24,24UCY104,AKSHATHA A,3rd Year,P,
2026-09-25,24UCY104,AKSHATHA A,3rd Year,P,
2026-09-28,24UCY104,AKSHATHA A,3rd Year,P,
2026-09-29,24UCY104,AKSHATHA A,3rd Year,P,
2026-09-30,24UCY104,AKSHATHA A,3rd Year,P,
2026-10-01,24UCY104,AKSHATHA A,3rd Year,P,
2026-08-14,24UCY109,BHAVATHARINI S,3rd Year,OD,
2026-08-17,24UCY109,BHAVATHARINI S,3rd Year,P,
2026-08-18,24UCY109,BHAVATHARINI S,3rd Year,P,
2026-08-19,24UCY109,BHAVATHARINI S,3rd Year,P,
2026-08-21,24UCY109,BHAVATHARINI S,3rd Year,A,
2026-08-24,24UCY109,BHAVATHARINI S,3rd Year,P,
2026-08-27,24UCY109,BHAVATHARINI S,3rd Year,P,
2026-09-07,24UCY109,BHAVATHARINI S,3rd Year,P,
2026-09-08,24UCY109,BHAVATHARINI S,3rd Year,P,
2026-09-09,24UCY109,BHAVATHARINI S,3rd Year,P,
2026-09-10,24UCY109,BHAVATHARINI S,3rd Year,P,
2026-09-11,24UCY109,BHAVATHARINI S,3rd Year,OD,
2026-09-15,24UCY109,BHAVATHARINI S,3rd Year,P,
2026-09-16,24UCY109,BHAVATHARINI S,3rd Year,P,
2026-09-17,24UCY109,BHAVATHARINI S,3rd Year,P,
2026-09-18,24UCY109,BHAVATHARINI S,3rd Year,P,
2026-09-21,24UCY109,BHAVATHARINI S,3rd Year,P,
2026-09-22,24UCY109,BHAVATHARINI S,3rd Year,P,
2026-09-23,24UCY109,BHAVATHARINI S,3rd Year,P,
2026-09-24,24UCY109,BHAVATHARINI S,3rd Year,P,
2026-09-25,24UCY109,BHAVATHARINI S,3rd Year,P,
2026-09-28,24UCY109,BHAVATHARINI S,3rd Year,P,
2026-09-29,24UCY109,BHAVATHARINI S,3rd Year,A,
2026-09-30,24UCY109,BHAVATHARINI S,3rd Year,P,
2026-10-01,24UCY109,BHAVATHARINI S,3rd Year,P,
2026-08-14,24UCY119,KAVYA T,3rd Year,P,
2026-08-17,24UCY119,KAVYA T,3rd Year,P,
2026-08-18,24UCY119,KAVYA T,3rd Year,P,
2026-08-19,24UCY119,KAVYA T,3rd Year,P,
2026-08-21,24UCY119,KAVYA T,3rd Year,P,
2026-08-24,24UCY119,KAVYA T,3rd Year,P,
2026-08-27,24UCY119,KAVYA T,3rd Year,P,
2026-09-07,24UCY119,KAVYA T,3rd Year,P,
2026-09-08,24UCY119,KAVYA T,3rd Year,P,
2026-09-09,24UCY119,KAVYA T,3rd Year,P,
2026-09-10,24UCY119,KAVYA T,3rd Year,P,
2026-09-11,24UCY119,KAVYA T,3rd Year,P,
2026-09-15,24UCY119,KAVYA T,3rd Year,P,
2026-09-16,24UCY119,KAVYA T,3rd Year,P,
2026-09-17,24UCY119,KAVYA T,3rd Year,P,
2026-09-18,24UCY119,KAVYA T,3rd Year,P,
2026-09-21,24UCY119,KAVYA T,3rd Year,P,
2026-09-22,24UCY119,KAVYA T,3rd Year,P,
2026-09-23,24UCY119,KAVYA T,3rd Year,P,
2026-09-24,24UCY119,KAVYA T,3rd Year,P,
2026-09-25,24UCY119,KAVYA T,3rd Year,P,
2026-09-28,24UCY119,KAVYA T,3rd Year,P,
2026-09-29,24UCY119,KAVYA T,3rd Year,P,
2026-09-30,24UCY119,KAVYA T,3rd Year,P,
2026-10-01,24UCY119,KAVYA T,3rd Year,P,
2026-08-14,24UCY121,KOSALAIRAMAN M,3rd Year,A,
2026-08-17,24UCY121,KOSALAIRAMAN M,3rd Year,A,
2026-08-18,24UCY121,KOSALAIRAMAN M,3rd Year,A,
2026-08-19,24UCY121,KOSALAIRAMAN M,3rd Year,A,
2026-08-21,24UCY121,KOSALAIRAMAN M,3rd Year,A,
2026-08-24,24UCY121,KOSALAIRAMAN M,3rd Year,A,
2026-08-27,24UCY121,KOSALAIRAMAN M,3rd Year,A,
2026-09-07,24UCY121,KOSALAIRAMAN M,3rd Year,A,
2026-09-08,24UCY121,KOSALAIRAMAN M,3rd Year,A,
2026-09-09,24UCY121,KOSALAIRAMAN M,3rd Year,P,
2026-09-10,24UCY121,KOSALAIRAMAN M,3rd Year,P,
2026-09-11,24UCY121,KOSALAIRAMAN M,3rd Year,P,
2026-09-15,24UCY121,KOSALAIRAMAN M,3rd Year,P,
2026-09-16,24UCY121,KOSALAIRAMAN M,3rd Year,A,
2026-09-17,24UCY121,KOSALAIRAMAN M,3rd Year,P,
2026-09-18,24UCY121,KOSALAIRAMAN M,3rd Year,P,
2026-09-21,24UCY121,KOSALAIRAMAN M,3rd Year,A,
2026-09-22,24UCY121,KOSALAIRAMAN M,3rd Year,A,
2026-09-23,24UCY121,KOSALAIRAMAN M,3rd Year,A,
2026-09-24,24UCY121,KOSALAIRAMAN M,3rd Year,A,
2026-09-25,24UCY121,KOSALAIRAMAN M,3rd Year,A,
2026-09-28,24UCY121,KOSALAIRAMAN M,3rd Year,A,
2026-09-29,24UCY121,KOSALAIRAMAN M,3rd Year,A,
2026-09-30,24UCY121,KOSALAIRAMAN M,3rd Year,A,
2026-10-01,24UCY121,KOSALAIRAMAN M,3rd Year,A,
2026-08-14,24UCY155,SUHANA V,3rd Year,A,
2026-08-17,24UCY155,SUHANA V,3rd Year,P,
2026-08-18,24UCY155,SUHANA V,3rd Year,P,
2026-08-19,24UCY155,SUHANA V,3rd Year,P,
2026-08-21,24UCY155,SUHANA V,3rd Year,P,
2026-08-24,24UCY155,SUHANA V,3rd Year,P,
2026-08-27,24UCY155,SUHANA V,3rd Year,P,
2026-09-07,24UCY155,SUHANA V,3rd Year,P,
2026-09-08,24UCY155,SUHANA V,3rd Year,P,
2026-09-09,24UCY155,SUHANA V,3rd Year,P,
2026-09-10,24UCY155,SUHANA V,3rd Year,P,
2026-09-11,24UCY155,SUHANA V,3rd Year,P,
2026-09-15,24UCY155,SUHANA V,3rd Year,P,
2026-09-16,24UCY155,SUHANA V,3rd Year,P,
2026-09-17,24UCY155,SUHANA V,3rd Year,P,
2026-09-18,24UCY155,SUHANA V,3rd Year,P,
2026-09-21,24UCY155,SUHANA V,3rd Year,P,
2026-09-22,24UCY155,SUHANA V,3rd Year,P,
2026-09-23,24UCY155,SUHANA V,3rd Year,P,
2026-09-24,24UCY155,SUHANA V,3rd Year,P,
2026-09-25,24UCY155,SUHANA V,3rd Year,P,
2026-09-28,24UCY155,SUHANA V,3rd Year,P,
2026-09-29,24UCY155,SUHANA V,3rd Year,P,
2026-09-30,24UCY155,SUHANA V,3rd Year,P,
2026-10-01,24UCY155,SUHANA V,3rd Year,P,
2026-08-14,24UCY161,VISHRUTHAKAVI D M,3rd Year,A,
2026-08-17,24UCY161,VISHRUTHAKAVI D M,3rd Year,P,
2026-08-18,24UCY161,VISHRUTHAKAVI D M,3rd Year,P,
2026-08-19,24UCY161,VISHRUTHAKAVI D M,3rd Year,P,
2026-08-21,24UCY161,VISHRUTHAKAVI D M,3rd Year,P,
2026-08-24,24UCY161,VISHRUTHAKAVI D M,3rd Year,A,
2026-08-27,24UCY161,VISHRUTHAKAVI D M,3rd Year,P,
2026-09-07,24UCY161,VISHRUTHAKAVI D M,3rd Year,A,
2026-09-08,24UCY161,VISHRUTHAKAVI D M,3rd Year,A,
2026-09-09,24UCY161,VISHRUTHAKAVI D M,3rd Year,A,
2026-09-10,24UCY161,VISHRUTHAKAVI D M,3rd Year,P,
2026-09-11,24UCY161,VISHRUTHAKAVI D M,3rd Year,P,
2026-09-15,24UCY161,VISHRUTHAKAVI D M,3rd Year,P,
2026-09-16,24UCY161,VISHRUTHAKAVI D M,3rd Year,P,
2026-09-17,24UCY161,VISHRUTHAKAVI D M,3rd Year,A,
2026-09-18,24UCY161,VISHRUTHAKAVI D M,3rd Year,P,
2026-09-21,24UCY161,VISHRUTHAKAVI D M,3rd Year,A,
2026-09-22,24UCY161,VISHRUTHAKAVI D M,3rd Year,A,
2026-09-23,24UCY161,VISHRUTHAKAVI D M,3rd Year,P,
2026-09-24,24UCY161,VISHRUTHAKAVI D M,3rd Year,P,
2026-09-25,24UCY161,VISHRUTHAKAVI D M,3rd Year,P,
2026-09-28,24UCY161,VISHRUTHAKAVI D M,3rd Year,P,
2026-09-29,24UCY161,VISHRUTHAKAVI D M,3rd Year,P,
2026-09-30,24UCY161,VISHRUTHAKAVI D M,3rd Year,P,
2026-10-01,24UCY161,VISHRUTHAKAVI D M,3rd Year,P,
2026-08-14,24UEC212,NIVETHA S,3rd Year,P,
2026-08-17,24UEC212,NIVETHA S,3rd Year,P,
2026-08-18,24UEC212,NIVETHA S,3rd Year,OD,
2026-08-19,24UEC212,NIVETHA S,3rd Year,P,
2026-08-21,24UEC212,NIVETHA S,3rd Year,A,
2026-08-24,24UEC212,NIVETHA S,3rd Year,P,
2026-08-27,24UEC212,NIVETHA S,3rd Year,P,
2026-09-07,24UEC212,NIVETHA S,3rd Year,A,
2026-09-08,24UEC212,NIVETHA S,3rd Year,P,
2026-09-09,24UEC212,NIVETHA S,3rd Year,P,
2026-09-10,24UEC212,NIVETHA S,3rd Year,A,
2026-09-11,24UEC212,NIVETHA S,3rd Year,P,
2026-09-15,24UEC212,NIVETHA S,3rd Year,P,
2026-09-16,24UEC212,NIVETHA S,3rd Year,P,
2026-09-17,24UEC212,NIVETHA S,3rd Year,P,
2026-09-18,24UEC212,NIVETHA S,3rd Year,A,
2026-09-21,24UEC212,NIVETHA S,3rd Year,P,
2026-09-22,24UEC212,NIVETHA S,3rd Year,P,
2026-09-23,24UEC212,NIVETHA S,3rd Year,A,
2026-09-24,24UEC212,NIVETHA S,3rd Year,A,
2026-09-25,24UEC212,NIVETHA S,3rd Year,P,
2026-09-28,24UEC212,NIVETHA S,3rd Year,P,
2026-09-29,24UEC212,NIVETHA S,3rd Year,P,
2026-09-30,24UEC212,NIVETHA S,3rd Year,P,
2026-10-01,24UEC212,NIVETHA S,3rd Year,A,