S.No.,Student Name,Register Number,Roll Number,Department,Section,Gender,KITE Email ID,SoI Email ID,SoI Lab Vertical,Remarks,Mon 3-Aug-2026,Tue 4-Aug-2026,Wed 5-Aug-2026,Thu 6-Aug-2026,Fri 7-Aug-2026,Sat 8-Aug-2026,Sun 9-Aug-2026,Mon 10-Aug-2026,Tue 11-Aug-2026,Wed 12-Aug-2026,Thu 13-Aug-2026,Fri 14-Aug-2026,Sat 15-Aug-2026,Sun 16-Aug-2026,Mon 17-Aug-2026,Tue 18-Aug-2026,Wed 19-Aug-2026,Thu 20-Aug-2026,Fri 21-Aug-2026,Sat 22-Aug-2026,Sun 23-Aug-2026,Mon 24-Aug-2026,Tue 25-Aug-2026,Wed 26-Aug-2026,Thu 27-Aug-2026,Fri 28-Aug-2026,Sat 29-Aug-2026,Sun 30-Aug-2026,Mon 31-Aug-2026,Tue 1-Sep-2026,Wed 2-Sep-2026,Thu 3-Sep-2026,Fri 4-Sep-2026,Sat 5-Sep-2026,Sun 6-Sep-2026,Mon 7-Sep-2026,Tue 8-Sep-2026,Wed 9-Sep-2026,Thu 10-Sep-2026,Fri 11-Sep-2026,Sat 12-Sep-2026,Sun 13-Sep-2026,Mon 14-Sep-2026,Tue 15-Sep-2026,Wed 16-Sep-2026,Thu 17-Sep-2026,Fri 18-Sep-2026,Sat 19-Sep-2026,Sun 20-Sep-2026,Mon 21-Sep-2026,Tue 22-Sep-2026,Wed 23-Sep-2026,Thu 24-Sep-2026,Fri 25-Sep-2026,Sat 26-Sep-2026,Sun 27-Sep-2026,Mon 28-Sep-2026,Tue 29-Sep-2026,Wed 30-Sep-2026,Thu 1-Oct-2026,Fri 2-Oct-2026,Sat 3-Oct-2026,Sun 4-Oct-2026,Mon 5-Oct-2026,Tue 6-Oct-2026,Wed 7-Oct-2026,Thu 8-Oct-2026,Fri 9-Oct-2026,Sat 10-Oct-2026,Sun 11-Oct-2026,Mon 12-Oct-2026,Tue 13-Oct-2026,Wed 14-Oct-2026,Thu 15-Oct-2026,Fri 16-Oct-2026,Sat 17-Oct-2026,Sun 18-Oct-2026,Mon 19-Oct-2026,Tue 20-Oct-2026,Wed 21-Oct-2026,Thu 22-Oct-2026,Fri 23-Oct-2026,Sat 24-Oct-2026,Sun 25-Oct-2026,Mon 26-Oct-2026,Tue 27-Oct-2026,Wed 28-Oct-2026,Thu 29-Oct-2026,Fri 30-Oct-2026,Sat 31-Oct-2026,Sun 1-Nov-2026,Mon 2-Nov-2026,Tue 3-Nov-2026,Wed 4-Nov-2026,Thu 5-Nov-2026,Fri 6-Nov-2026,Sat 7-Nov-2026,Sun 8-Nov-2026,Mon 9-Nov-2026,Tue 10-Nov-2026,Wed 11-Nov-2026,Thu 12-Nov-2026,Fri 13-Nov-2026,Sat 14-Nov-2026,Sun 15-Nov-2026,Mon 16-Nov-2026,Tue 17-Nov-2026,Wed 18-Nov-2026,Thu 19-Nov-2026,Fri 20-Nov-2026,Sat 21-Nov-2026,Sun 22-Nov-2026,Mon 23-Nov-2026,Tue 24-Nov-2026,Wed 25-Nov-2026,Thu 26-Nov-2026,Fri 27-Nov-2026,Sat 28-Nov-2026,Sun 29-Nov-2026,Mon 30-Nov-2026,Tue 1-Dec-2026,Wed 2-Dec-2026,Thu 3-Dec-2026,Fri 4-Dec-2026
1,BAVANI M,711724UAD117,24UAD117,B.Tech. AI & DS,A,F,24uad117bavani@kgkite.ac.in,24uad117bavani@soi.kgkite.ac.in,BW - Blockchain and Web3.0 Lab,,,,,,,Add ON,Sunday,,,,,P,Add ON,Sunday,P,P,P,Elite,AB,Add ON,Saturday,P,Onam celebrations,Onam,AB,IA1,Add ON,Holiday,IA1,IA1,IA1,IA1,Krishnastami,Add ON,Sunday,P,P,P,P,P,Add ON,Sunday,Vinayaka Chavithi,P,P,P,P,Add ON,Sunday,P,P,P,P,P,Add ON,Sunday,P,P,P,P,,Add ON,Sunday,,,,,,Add ON,Sunday,,,,,,Add ON,Sunday,,,,,,Add ON,Sunday,,,,,,Add ON,Sunday,,,,,,Add ON,Sunday,,,,,,Add ON,Sunday,,,,,,Add ON,Sunday,,,,,,Add ON,Sunday,,,,,
2,DHARSHIKA PUGALENTHI,711724UAD124,24UAD124,B.Tech. AI & DS,A,F,24uad124dharshika@kgkite.ac.in,24uad124dharshika@soi.kgkite.ac.in,BW - Blockchain and Web3.0 Lab,,,,,,,,,,,,,P,,,P,P,P,,P,,,P,,,P,,,,,,,,,,,AB,AB,AB,AB,AB,,,,AB,AB,AB,AB,,,AB,AB,AB,AB,AB,,,AB,AB,AB,AB,,,,,,,,,,,,,,,,,,,,,,,,,,,,,,,,,,,,,,,,,,,,,,,,,,,,,,,,,,,,,,,,
3,NARESH KALYAN S M,711724UAD203,24UAD203,B.Tech. AI & DS,B,M,24uad203naresh@kgkite.ac.in,24uad203naresh@soi.kgkite.ac.in,BW - Blockchain and Web3.0 Lab,,,,,,,,,,,,,P,,,AB,P,P,,P,,,AB,,,P,,,,,,,,,,,P,P,P,AB,P,,,,P,AB,P,P,,,AB,AB,AB,AB,AB,,,AB,AB,AB,AB,,,,,,,,,,,,,,,,,,,,,,,,,,,,,,,,,,,,,,,,,,,,,,,,,,,,,,,,,,,,,,,,
4,Omar Farooq.S.H,711724UAD209,24UAD209,B.Tech. AI & DS,B,M,24uad209omar@kgkite.ac.in,24uad209omar@soi.kgkite.ac.in,BW - Blockchain and Web3.0 Lab,,,,,,,,,,,,,P,,,P,P,P,,P,,,AB,,,P,,,,,,,,,,,P,P,P,AB,AB,,,,P,AB,P,P,,,AB,AB,AB,OD,AB,,,P,P,P,AB,,,,,,,,,,,,,,,,,,,,,,,,,,,,,,,,,,,,,,,,,,,,,,,,,,,,,,,,,,,,,,,,
5,PRANAV A,711724UAD213,24UAD213,B.Tech. AI & DS,B,M,24uad213pranav@kgkite.ac.in,24uad213pranav@soi.kgkite.ac.in,BW - Blockchain and Web3.0 Lab,,,,,,,,,,,,,AB,,,AB,AB,AB,,AB,,,P,,,P,,,,,,,,,,,P,AB,AB,AB,AB,,,,P,AB,P,P,,,AB,AB,AB,AB,AB,,,AB,P,P,P,,,,,,,,,,,,,,,,,,,,,,,,,,,,,,,,,,,,,,,,,,,,,,,,,,,,,,,,,,,,,,,,
6,PRAVEEN  R S ,711724UAD216,24UAD216,B.Tech. AI & DS,B,M,24uad216praveen@kgkite.ac.in,24uad216praveen@soi.kgkite.ac.in,BW - Blockchain and Web3.0 Lab,,,,,,,,,,,,,AB,,,AB,AB,AB,,AB,,,P,,,P,,,,,,,,,,,P,AB,AB,AB,AB,,,,AB,AB,P,P,,,AB,AB,AB,AB,AB,,,AB,P,AB,P,,,,,,,,,,,,,,,,,,,,,,,,,,,,,,,,,,,,,,,,,,,,,,,,,,,,,,,,,,,,,,,,
7,SADHANAMATHI V,711724UAD225,24UAD225,B.Tech. AI & DS,B,F,24uad225sadhana@kgkite.ac.in,24uad225sadhana@soi.kgkite.ac.in,BW - Blockchain and Web3.0 Lab,,,,,,,,,,,,,P,,,P,P,P,,P,,,P,,,P,,,,,,,,,,,P,AB,P,P,P,,,,AB,P,P,P,,,AB,P,P,P,P,,,P,AB,P,P,,,,,,,,,,,,,,,,,,,,,,,,,,,,,,,,,,,,,,,,,,,,,,,,,,,,,,,,,,,,,,,,
8,SHARUKH SAMEER M A,711724UAD240,24UAD240,B.Tech. AI & DS,B,M,24uad240sharukh@soi.kgkite.ac.in,24uad240sharukh@soi.kgkite.ac.in,BW - Blockchain and Web3.0 Lab,,,,,,,,,,,,,P,,,P,P,P,,P,,,AB,,,P,,,,,,,,,,,P,AB,P,AB,P,,,,AB,P,P,P,,,AB,AB,AB,OD,AB,,,P,P,P,P,,,,,,,,,,,,,,,,,,,,,,,,,,,,,,,,,,,,,,,,,,,,,,,,,,,,,,,,,,,,,,,,
9,SHARUKHSAMEER S,711724UAD241,24UAD241,B.Tech. AI & DS,B,M,24uad241sharukhs@kgkite.ac.in,24uad241sharukhs@soi.kgkite.ac.in,BW - Blockchain and Web3.0 Lab,,,,,,,,,,,,,P,,,P,P,P,,P,,,AB,,,P,,,,,,,,,,,P,AB,P,AB,P,,,,AB,P,P,P,,,AB,AB,AB,OD,AB,,,P,P,P,P,,,,,,,,,,,,,,,,,,,,,,,,,,,,,,,,,,,,,,,,,,,,,,,,,,,,,,,,,,,,,,,,
10,VIGHAS E,711724UAD611,24UAD611,B.Tech. AI & DS,B,M,24uadle08vighas@kgkite.ac.in,24uadle08vighas@soi.kgkite.ac.in,BW - Blockchain and Web3.0 Lab,,,,,,,,,,,,,P,,,P,P,P,,P,,,P,,,AB,,,,,,,,,,,AB,P,P,P,P,,,,P,P,P,P,,,P,P,P,P,P,,,P,P,AB,P,,,,,,,,,,,,,,,,,,,,,,,,,,,,,,,,,,,,,,,,,,,,,,,,,,,,,,,,,,,,,,,,
11,AKSHAYAA A S,711724UAM106,24UAM106,B.E. CSE (AI & ML),Only One Section,F,24uam106akshaya@kgkite.ac.in,24uam106akshaya@soi.kgkite.ac.in,BW - Blockchain and Web3.0 Lab,,,,,,,,,,,,,P,,,P,P,P,,P,,,P,,,P,,,,,,,,,,,AB,P,P,P,P,,,,AB,P,P,P,,,P,AB,P,P,P,,,P,P,P,AB,,,,,,,,,,,,,,,,,,,,,,,,,,,,,,,,,,,,,,,,,,,,,,,,,,,,,,,,,,,,,,,,
12,DINESH KUMAR  S,711724UAM115,24UAM115,B.E. CSE (AI & ML),Only One Section,M,24uam115dinesh@kgkite.ac.in,24uam115dinesh@soi.kgkite.ac.in,BW - Blockchain and Web3.0 Lab,,,,,,,,,,,,,P,,,P,P,P,,P,,,P,,,P,,,,,,,,,,,AB,AB,AB,AB,AB,,,,AB,AB,AB,AB,,,AB,AB,AB,AB,AB,,,AB,AB,AB,AB,,,,,,,,,,,,,,,,,,,,,,,,,,,,,,,,,,,,,,,,,,,,,,,,,,,,,,,,,,,,,,,,
13,ABIRAMI R,711724UCB103,24UCB103,B.Tech. CSBS,Only One Section,F,24ucb103abirami@kgkite.ac.in,24ucb103abirami@soi.kgkite.ac.in,BW - Blockchain and Web3.0 Lab,,,,,,,,,,,,,P,,,P,P,P,,P,,,P,,,P,,,,,,,,,,,AB,AB,AB,AB,AB,,,,AB,AB,AB,AB,,,AB,AB,AB,AB,AB,,,AB,AB,AB,AB,,,,,,,,,,,,,,,,,,,,,,,,,,,,,,,,,,,,,,,,,,,,,,,,,,,,,,,,,,,,,,,,
14,EBEN F JOEL,711724UCB113,24UCB113,B.Tech. CSBS,Only One Section,M,24ucb113eben@kgkite.ac.in,24ucb113eben@soi.kgkite.ac.in,BW - Blockchain and Web3.0 Lab,,,,,,,,,,,,,AB,,,P,P,P,,P,,,P,,,P,,,,,,,,,,,AB,P,P,P,P,,,,P,P,P,P,,,AB,P,P,AB,P,,,P,AB,P,P,,,,,,,,,,,,,,,,,,,,,,,,,,,,,,,,,,,,,,,,,,,,,,,,,,,,,,,,,,,,,,,,
15,SHREE NITHI B,711724UCB151,24UCB151,B.Tech. CSBS,Only One Section,F,24ucb151srinithi@kgkite.ac.in,24ucb151srinithi@soi.kgkite.ac.in,BW - Blockchain and Web3.0 Lab,,,,,,,,,,,,,P,,,P,P,P,,P,,,P,,,P,,,,,,,,,,,P,P,P,P,P,,,,OD,P,P,P,,,P,P,P,P,P,,,P,P,P,P,,,,,,,,,,,,,,,,,,,,,,,,,,,,,,,,,,,,,,,,,,,,,,,,,,,,,,,,,,,,,,,,
16,RAMYA S,711724UCS223,24UCS223,B.E. CSE,B,F,24ucs223ramya@kgkite.ac.in,24ucs223ramya@soi.kgkite.ac.in,BW - Blockchain and Web3.0 Lab,,,,,,,,,,,,,P,,,P,P,P,,P,,,AB,,,AB,,,,,,,,,,,P,P,P,P,P,,,,AB,P,P,P,,,P,P,P,P,P,,,P,P,P,P,,,,,,,,,,,,,,,,,,,,,,,,,,,,,,,,,,,,,,,,,,,,,,,,,,,,,,,,,,,,,,,,
17,SARAVANAMARIAPPAN M,711724UCS235,24UCS235,B.E. CSE,B,M,24ucs235saravanam@kgkite.ac.in,24ucs235saravanam@soi.kgkite.ac.in,BW - Blockchain and Web3.0 Lab,,,,,,,,,,,,,P,,,P,P,P,,P,,,AB,,,P,,,,,,,,,,,P,P,P,P,P,,,,AB,P,P,P,,,P,P,P,P,P,,,P,P,P,P,,,,,,,,,,,,,,,,,,,,,,,,,,,,,,,,,,,,,,,,,,,,,,,,,,,,,,,,,,,,,,,,
18,AKSHATHA A,711724UCY104,24UCY104,B.E. CSE (CYS),Only One Section,F,24ucy104akshatha@kgkite.ac.in,24ucy104akshatha@soi.kgkite.ac.in,BW - Blockchain and Web3.0 Lab,,,,,,,,,,,,,P,,,P,P,P,,AB,,,P,,,AB,,,,,,,,,,,P,P,P,P,P,,,,P,P,P,P,,,AB,P,P,P,P,,,P,P,P,P,,,,,,,,,,,,,,,,,,,,,,,,,,,,,,,,,,,,,,,,,,,,,,,,,,,,,,,,,,,,,,,,
19,BHAVATHARINI S,711724UCY109,24UCY109,B.E. CSE (CYS),Only One Section,F,24ucy109bhavatha@kgkite.ac.in,24ucy109bhavatha@soi.kgkite.ac.in,BW - Blockchain and Web3.0 Lab,,,,,,,,,,,,,OD,,,P,P,P,,AB,,,P,,,P,,,,,,,,,,,P,P,P,P,OD,,,,P,P,P,P,,,P,P,P,P,P,,,P,AB,P,P,,,,,,,,,,,,,,,,,,,,,,,,,,,,,,,,,,,,,,,,,,,,,,,,,,,,,,,,,,,,,,,,
20,KAVYA T,711724UCY119,24UCY119,B.E. CSE (CYS),Only One Section,F,24ucy119kavya@kgkite.ac.in,24ucy119kavya@soi.kgkite.ac.in,BW - Blockchain and Web3.0 Lab,,,,,,,,,,,,,P,,,P,P,P,,P,,,P,,,P,,,,,,,,,,,P,P,P,P,P,,,,P,P,P,P,,,P,P,P,P,P,,,P,P,P,P,,,,,,,,,,,,,,,,,,,,,,,,,,,,,,,,,,,,,,,,,,,,,,,,,,,,,,,,,,,,,,,,
21,KOSALAIRAMAN M,711724UCY121,24UCY121,B.E. CSE (CYS),Only One Section,M,24ucy121kosalair@kgkite.ac.in,24ucy121kosalair@soi.kgkite.ac.in,BW - Blockchain and Web3.0 Lab,,,,,,,,,,,,,AB,,,AB,AB,AB,,AB,,,AB,,,AB,,,,,,,,,,,AB,AB,P,P,P,,,,P,AB,P,P,,,AB,AB,AB,AB,AB,,,AB,AB,AB,AB,,,,,,,,,,,,,,,,,,,,,,,,,,,,,,,,,,,,,,,,,,,,,,,,,,,,,,,,,,,,,,,,
22,SUHANA V,711724UCY155,24UCY155,B.E. CSE (CYS),Only One Section,F,24ucy155suhana@kgkite.ac.in,24ucy155suhana@soi.kgkite.ac.in,BW - Blockchain and Web3.0 Lab,,,,,,,,,,,,,AB,,,P,P,P,,P,,,P,,,P,,,,,,,,,,,P,P,P,P,P,,,,P,P,P,P,,,P,P,P,P,P,,,P,P,P,P,,,,,,,,,,,,,,,,,,,,,,,,,,,,,,,,,,,,,,,,,,,,,,,,,,,,,,,,,,,,,,,,
23,VISHRUTHAKAVI D M,711724UCY161,24UCY161,B.E. CSE (CYS),Only One Section,F,24ucy161vishrutha@kgkite.ac.in,24ucy161vishrutha@soi.kgkite.ac.in,BW - Blockchain and Web3.0 Lab,,,,,,,,,,,,,AB,,,P,P,P,,P,,,AB,,,P,,,,,,,,,,,AB,AB,AB,P,P,,,,P,P,AB,P,,,AB,AB,P,P,P,,,P,P,P,P,,,,,,,,,,,,,,,,,,,,,,,,,,,,,,,,,,,,,,,,,,,,,,,,,,,,,,,,,,,,,,,,
24,NIVETHA S,711724UEC212,24UEC212,B.E. ECE,B,F,24uec212nivetha@kgkite.ac.in,24uec212nivetha@soi.kgkite.ac.in,BW - Blockchain and Web3.0 Lab,,,,,,,,,,,,,P,,,P,OD,P,,AB,,,P,,,P,,,,,,,,,,,AB,P,P,AB,P,,,,P,P,P,AB,,,P,P,AB,AB,P,,,P,P,P,AB,,,,,,,,,,,,,,,,,,,,,,,,,,,,,,,,,,,,,,,,,,,,,,,,,,,,,,,,,,,,,,,,
